{"cameraMode":{"drawMode":0,"name":"Shaded","section":"Shading Mode"},"sceneLighting":true,"audioPlay":false,"sceneViewState":{"showFog":true,"showMaterialUpdate":false,"showSkybox":true,"showFlares":true,"showImageEffects":true,"showParticleSystems":true},"in2DMode":false,"pivot":{"x":72.13835144042969,"y":24.183460235595704,"z":16.750614166259767},"rotation":{"x":-0.18205209076404572,"y":-0.45657485723495486,"z":0.09603256732225418,"w":-0.86555016040802},"size":53.662845611572269,"orthographic":false}